order_id,date,time,order_type,branch_code,order_items,order_price,customer_lat,customer_lon,customerHasloyalty?,distance_to_customer_KM,delivery_fee
ORDI10335,2018-09-01,15:56:37,Lunch,NS,"[('Steak', 8), ('Fries', 10), ('Burger', 2)]",542.0,-37.8167745,144.9542874,0,8.868,16.9104108
ORDY01034,2018-07-26,14:45:38,Lunch,TP,"[('Chicken', 5), ('Fries', 9), ('Salad', 10)]",440.0,-37.8041956,144.9569304,0,9.343,13.1623835
ORDA06486,2018-09-05,16:06:45,Dinner,BK,"[('Fish&Chips', 8), ('Shrimp', 4)]",496.0,-37.8151161,144.927561,0,11.824,19.271111
ORDK00985,2018-02-16,09:31:16,Breakfast,BK,"[('Eggs', 5), ('Cereal', 3)]",173.0,-37.8110223,144.9505115,0,8.726,13.6629119
ORDA01138,2018-07-29,14:55:46,Lunch,BK,"[('Burger', 6), ('Steak', 1)]",231.0,-37.817823,144.9462511,0,9.44,18.073641
ORDY02911,2018-11-19,18:38:52,Dinner,TP,"[('Salmon', 3), ('Fish&Chips', 1)]",158.0,-37.8191543,144.9505999,0,8.843,12.5059238
ORDC10888,2018-04-05,11:02:32,Breakfast,NS,"[('Coffee', 1), ('Cereal', 3), ('Eggs', 8)]",246.5,-37.8111953,145.0070963,0,10.065,15.3486214
ORDJ05134,2018-01-23,08:40:33,Breakfast,TP,"[('Cereal', 4), ('Pancake', 3)]",156.75,-37.8190477,144.9541683,0,8.408,11.0951641
ORDK00604,2018-10-30,17:58:18,Dinner,BK,"[('Pasta', 7), ('Shrimp', 3), ('Fish&Chips', 2)]",424.5,-37.8196633,144.9727316,0,7.822,14.6600881
ORDC03291,2018-12-14,19:29:34,Dinner,NS,"[('Pasta', 6), ('Salmon', 10), ('Fish&Chips', 9)]",890.0,-37.8212718,144.9612196,0,9.078,15.849599
ORDZ02998,2018-04-30,11:53:14,Breakfast,NS,"[('Coffee', 1), ('Eggs', 10)]",227.5,-37.7997227,144.9552575,0,7.486,12.3088153
ORDA02345,2018-01-30,08:50:42,Breakfast,BK,"[('Cereal', 10), ('Coffee', 1), ('Eggs', 5)]",327.5,-37.8068509,144.9746571,0,6.709,11.8400348
ORDC05506,2018-05-06,12:03:22,Lunch,NS,"[('Burger', 2), ('Salad', 8), ('Fries', 1), ('Steak', 6)]",481.6,-37.7995189,144.9745144,0,6.503,13.9753706
ORDA08763,2018-05-10,12:13:31,Lunch,BK,"[('Fries', 5), ('Salad', 6), ('Steak', 5), ('Burger', 10), ('Chicken', 2)]",762.2,-37.8003823,144.9639935,0,7.991,14.4586417
ORDB07547,2018-02-16,09:31:16,Breakfast,TP,"[('Pancake', 5), ('Cereal', 10), ('Coffee', 7)]",383.75,-37.8113359,145.0084965,0,11.773,14.4326569
ORDK09459,2018-11-25,18:49:00,Dinner,BK,"[('Shrimp', 3), ('Salmon', 3), ('Fish&Chips', 8)]",565.0,-37.8059149,144.9591401,0,7.8,17.0937204
ORDC10921,2018-12-30,20:00:00,Dinner,NS,"[('Pasta', 6), ('Salmon', 3), ('Fish&Chips', 1), ('Shrimp', 5)]",593.0,-37.815645,144.937896,0,9.974,17.9161827
ORDZ01798,2018-06-26,13:44:47,Lunch,NS,"[('Chicken', 10), ('Salad', 3), ('Burger', 8), ('Steak', 1)]",664.6,-37.8246603,144.9846885,0,9.487,14.6913318
ORDX08742,2018-11-08,18:18:35,Dinner,BK,"[('Fish&Chips', 9), ('Pasta', 5)]",452.5,-37.7987179,144.9596574,0,8.466,15.187686
ORDB02374,2018-08-13,15:26:11,Lunch,TP,"[('Chicken', 8), ('Salad', 8), ('Fries', 4)]",441.6,-37.7999974,144.963181,0,9.795,12.8972107
ORDB02354,2018-08-16,15:26:11,Lunch,TP,"[('Fries', 5), ('Chicken', 2), ('Salad', 2), ('Steak', 6), ('Burger', 3)]",521.4,-37.8104784,144.9755071,0,8.968,12.4995885
ORDC00822,2018-05-26,12:43:56,Lunch,NS,"[('Chicken', 4), ('Fries', 6), ('Burger', 9), ('Salad', 10)]",651.0,-37.8033282,144.994517,0,8.443,15.5262893
ORDA10328,2018-07-16,14:25:21,Lunch,BK,"[('Fries', 9), ('Salad', 8), ('Burger', 6)]",431.6,-37.8057988,144.9947996,0,5.102,11.2313598
ORDJ08321,2018-12-22,19:49:51,Dinner,TP,"[('Fish&Chips', 2), ('Salmon', 6), ('Pasta', 10)]",591.0,-37.8193807,144.941667,0,9.701,15.4951135
ORDJ05877,2018-06-05,13:04:13,Lunch,TP,"[('Steak', 4), ('Salad', 8)]",317.6,-37.8106491,144.9291724,0,11.771,15.0997139
ORDI11021,2018-11-19,18:38:52,Dinner,NS,"[('Fish&Chips', 5), ('Pasta', 6)]",340.0,-37.8275232,144.9511724,0,10.258,15.6766453
ORDY00967,2018-03-30,10:52:23,Breakfast,TP,"[('Coffee', 4), ('Cereal', 2), ('Pancake', 2)]",120.5,-37.8010955,144.9567447,0,9.616,12.3674908
ORDI08445,2018-10-16,17:27:53,Dinner,NS,"[('Salmon', 5), ('Shrimp', 8), ('Fish&Chips', 5), ('Pasta', 10)]",1087.0,-37.8218911,144.9917074,0,9.675,15.8200693
ORDC05992,2018-12-29,20:00:00,Dinner,NS,"[('Salmon', 1), ('Fish&Chips', 2), ('Shrimp', 2)]",219.0,-37.8162679,144.9372252,0,10.017,18.5858172
ORDZ04123,2018-01-20,08:30:25,Breakfast,NS,"[('Pancake', 8), ('Cereal', 6), ('Eggs', 9)]",518.0,-37.800684,144.9857971,0,7.634,14.8003245
ORDJ05446,2018-12-24,19:49:51,Dinner,TP,"[('Shrimp', 1), ('Pasta', 3)]",136.5,-37.8112129,144.9596654,0,8.592,13.0264784
ORDY06208,2018-04-21,11:32:57,Breakfast,TP,"[('Eggs', 6), ('Pancake', 5), ('Coffee', 5)]",290.75,-37.8189061,144.9530855,0,8.532,12.1815347
ORDB10201,2018-06-11,13:14:21,Lunch,TP,"[('Fries', 10), ('Salad', 4), ('Chicken', 4), ('Steak', 7), ('Burger', 9)]",910.8,-37.8230565,144.942479,0,9.323,13.1980086
ORDZ02707,2018-07-04,14:05:04,Lunch,NS,"[('Salad', 1), ('Steak', 8), ('Chicken', 7)]",601.2,-37.8214441,144.9635867,0,9.039,14.421401
ORDI03440,2018-05-12,12:23:39,Lunch,NS,"[('Salad', 1), ('Fries', 10)]",137.2,-37.8026845,144.9942934,0,8.362,15.671929
ORDJ10401,2018-11-28,18:59:09,Dinner,TP,"[('Pasta', 4), ('Salmon', 6), ('Shrimp', 2)]",464.0,-37.8208377,144.9666228,0,7.514,12.1250709
ORDI08350,2018-04-15,11:22:49,Breakfast,NS,"[('Pancake', 10), ('Eggs', 8)]",418.5,-37.8047336,144.9450941,0,8.849,15.787856
ORDA10406,2018-05-08,12:13:31,Lunch,BK,"[('Salad', 4), ('Fries', 7), ('Steak', 8), ('Chicken', 6), ('Burger', 7)]",921.8,-37.804187,144.971475,0,7.087,12.7039003
ORDY09154,2018-03-07,10:01:41,Breakfast,TP,"[('Eggs', 10), ('Coffee', 2), ('Pancake', 2)]",283.5,-37.8131562,144.9515234,0,9.065,11.3818458
ORDY03069,2018-05-01,11:53:14,Breakfast,TP,"[('Coffee', 8), ('Pancake', 2), ('Cereal', 3)]",171.5,-37.8141871,144.934041,0,11.195,14.017543
ORDJ07961,2018-03-24,10:42:15,Breakfast,TP,"[('Pancake', 9), ('Cereal', 1), ('Eggs', 2), ('Coffee', 8)]",343.25,-37.8181572,144.925859,0,11.115,14.1882204
ORDY05765,2018-09-25,16:47:19,Dinner,TP,"[('Pasta', 3), ('Salmon', 8), ('Fish&Chips', 8)]",690.5,-37.8014159,144.9688372,0,9.866,13.7807757
ORDX04218,2018-05-13,12:23:39,Lunch,BK,"[('Salad', 2), ('Fries', 4), ('Steak', 2)]",172.4,-37.8000425,144.9346898,0,12.37,21.850864
ORDZ01877,2018-11-11,18:18:35,Dinner,NS,"[('Shrimp', 6), ('Salmon', 7), ('Pasta', 10)]",886.0,-37.8024615,144.9591041,0,7.329,15.5627912
ORDJ08853,2018-10-24,17:48:10,Dinner,TP,"[('Pasta', 9), ('Shrimp', 6), ('Salmon', 6), ('Fish&Chips', 7)]",1062.5,-37.8204028,144.9666114,0,7.468,12.0916606
ORDJ07013,2018-11-29,18:59:09,Dinner,TP,"[('Shrimp', 4), ('Pasta', 4), ('Salmon', 3)]",449.0,-37.8123366,144.9698475,0,8.586,12.7186817
ORDI04555,2018-09-20,16:37:10,Dinner,NS,"[('Salmon', 6), ('Shrimp', 10), ('Fish&Chips', 2)]",856.0,-37.8009814,144.9575755,0,7.359,13.7414558
ORDZ07024,2018-10-12,17:27:53,Dinner,NS,"[('Shrimp', 4), ('Pasta', 10), ('Salmon', 5)]",696.0,-37.8159539,144.9865358,0,8.919,14.7823546
ORDJ04891,2018-08-15,15:26:11,Lunch,TP,"[('Burger', 6), ('Salad', 7), ('Steak', 2), ('Fries', 6), ('Chicken', 4)]",596.4,-37.8090325,144.9838615,0,9.667,12.902498
ORDZ08850,2018-08-22,15:46:28,Lunch,NS,"[('Chicken', 6), ('Steak', 4), ('Fries', 8), ('Salad', 1), ('Burger', 2)]",547.2,-37.8075711,145.0119322,0,10.266,15.8945271
ORDB08231,2018-03-15,10:21:58,Breakfast,TP,"[('Cereal', 8), ('Coffee', 1), ('Eggs', 8)]",351.5,-37.7993718,145.0050504,0,12.516,14.5934775
ORDI08656,2018-09-12,16:27:02,Dinner,NS,"[('Fish&Chips', 9), ('Salmon', 3), ('Pasta', 2)]",493.0,-37.8201689,144.965031,0,8.769,14.6310228
ORDC07014,2018-09-17,16:37:10,Dinner,NS,"[('Pasta', 10), ('Fish&Chips', 1), ('Shrimp', 8)]",742.0,-37.8241391,144.9424346,0,10.698,16.7284632
ORDX07528,2018-09-16,16:27:02,Dinner,BK,"[('Shrimp', 3), ('Pasta', 3), ('Salmon', 1)]",285.5,-37.8062369,144.9416974,0,9.52,18.9496188
ORDX05587,2018-03-06,10:01:41,Breakfast,BK,"[('Eggs', 8), ('Pancake', 3)]",248.75,-37.8160776,144.9825965,0,6.254,10.8910024
ORDC02588,2018-04-07,11:12:40,Breakfast,NS,"[('Coffee', 9), ('Pancake', 4), ('Cereal', 5), ('Eggs', 9)]",467.5,-37.8156871,144.9619425,0,8.314,15.0036051
ORDI01085,2018-10-22,17:48:10,Dinner,NS,"[('Salmon', 4), ('Fish&Chips', 1), ('Shrimp', 7)]",577.0,-37.8090911,144.9462079,0,8.959,14.8957313
ORDA04842,2018-11-11,18:28:43,Dinner,BK,"[('Fish&Chips', 3), ('Pasta', 2), ('Salmon', 2)]",242.0,-37.8152075,144.9449512,0,9.174,18.6844777
ORDY01651,2018-10-01,16:57:27,Dinner,TP,"[('Fish&Chips', 9), ('Salmon', 3)]",438.0,-37.8011638,144.9851514,0,10.732,14.9799806
ORDX03270,2018-12-11,19:29:34,Dinner,BK,"[('Salmon', 5), ('Pasta', 7)]",397.5,-37.8242732,144.9867417,0,6.502,13.0162071
ORDY01799,2018-03-31,10:52:23,Breakfast,TP,"[('Coffee', 9), ('Eggs', 10), ('Cereal', 4), ('Pancake', 7)]",541.25,-37.8187308,144.9714369,0,7.932,12.2037188
ORDX06897,2018-09-29,16:57:27,Dinner,BK,"[('Salmon', 7), ('Shrimp', 3)]",449.0,-37.8073434,144.9781289,0,6.197,15.2773166
ORDK07799,2018-12-08,19:19:26,Dinner,BK,"[('Shrimp', 9), ('Salmon', 6)]",732.0,-37.8128979,144.9474992,0,9.759,19.2845371
ORDK05813,2018-06-19,13:34:38,Lunch,BK,"[('Salad', 8), ('Burger', 4), ('Chicken', 7), ('Fries', 3), ('Steak', 1)]",566.6,-37.799659,144.9248126,0,11.394,16.9993226
ORDA07187,2018-06-21,13:34:38,Lunch,BK,"[('Fries', 10), ('Steak', 2), ('Burger', 1)]",241.0,-37.8064174,144.9613443,0,7.583,13.5121034
ORDX10363,2018-05-12,12:23:39,Lunch,BK,"[('Chicken', 5), ('Fries', 3), ('Salad', 4)]",264.8,-37.8002199,144.9349193,0,12.315,21.1191952
ORDA06880,2018-08-03,15:05:54,Lunch,BK,"[('Fries', 4), ('Burger', 8), ('Chicken', 10), ('Salad', 7)]",736.4,-37.8121951,144.9738711,0,6.779,12.185979
ORDZ10656,2018-11-09,18:18:35,Dinner,NS,"[('Salmon', 9), ('Shrimp', 2), ('Pasta', 3)]",559.5,-37.8117943,144.9460717,0,9.964,15.8253898
ORDY02602,2018-08-01,14:55:46,Lunch,TP,"[('Steak', 7), ('Burger', 7), ('Fries', 8), ('Chicken', 7)]",852.0,-37.7990664,144.9728229,0,10.249,13.5743425
ORDA02413,2018-08-05,15:05:54,Lunch,BK,"[('Fries', 1), ('Salad', 6), ('Burger', 6), ('Steak', 6), ('Chicken', 7)]",795.2,-37.813293,144.9514548,0,8.56,16.5262802
ORDJ04075,2018-09-14,16:27:02,Dinner,TP,"[('Fish&Chips', 7), ('Pasta', 7)]",437.5,-37.8005883,144.9537663,0,9.941,13.9901633
ORDY10058,2018-09-30,16:57:27,Dinner,TP,"[('Fish&Chips', 1), ('Pasta', 2), ('Shrimp', 9), ('Salmon', 8)]",904.0,-37.8132615,144.9753714,0,8.703,14.5010692
ORDI02886,2018-07-09,14:15:12,Lunch,NS,"[('Salad', 4), ('Steak', 1)]",113.8,-37.8247896,144.982697,0,9.414,14.7556581
ORDK00165,2018-03-18,10:32:06,Breakfast,BK,"[('Cereal', 2), ('Coffee', 9)]",109.5,-37.8089992,144.972109,0,6.697,13.4762763
ORDY06522,2018-02-03,09:00:50,Breakfast,TP,"[('Pancake', 3), ('Cereal', 7)]",219.75,-37.8075931,145.0081699,0,12.039,15.3984232
ORDZ02160,2018-08-14,15:26:11,Lunch,NS,"[('Steak', 6), ('Fries', 2), ('Salad', 4), ('Chicken', 2)]",426.8,-37.8123953,144.9723819,0,7.602,13.2268277
ORDZ07709,2018-07-02,13:54:55,Lunch,NS,"[('Steak', 3), ('Fries', 2), ('Chicken', 6), ('Salad', 1), ('Burger', 7)]",585.2,-37.8129131,144.9526887,0,8.467,13.7111817
ORDZ04641,2018-04-11,11:12:40,Breakfast,NS,"[('Eggs', 3), ('Pancake', 6), ('Coffee', 10)]",286.5,-37.799204,144.981084,0,7.244,12.1642397
ORDY05168,2018-07-28,14:55:46,Lunch,TP,"[('Salad', 9), ('Burger', 6)]",340.8,-37.8048891,144.9880041,0,10.569,15.3449789
ORDC09212,2018-09-17,16:37:10,Dinner,NS,"[('Salmon', 8), ('Fish&Chips', 1), ('Pasta', 7)]",555.5,-37.8249835,144.94452,0,10.482,16.1660444
ORDJ08757,2018-02-23,09:41:24,Breakfast,TP,"[('Eggs', 6), ('Pancake', 4), ('Cereal', 1), ('Coffee', 6)]",295.0,-37.8237154,144.9673126,0,7.845,11.0353536
ORDK01942,2018-04-03,11:02:32,Breakfast,BK,"[('Pancake', 2), ('Coffee', 3), ('Eggs', 9)]",269.0,-37.8123685,144.9870955,0,5.522,10.5228101
ORDY10273,2018-05-31,12:54:05,Lunch,TP,"[('Fries', 3), ('Chicken', 7), ('Steak', 4), ('Burger', 3), ('Salad', 5)]",619.0,-37.8056395,144.9867365,0,10.27,13.2463185
ORDJ05075,2018-11-24,18:49:00,Dinner,TP,"[('Shrimp', 5), ('Pasta', 3), ('Salmon', 10), ('Fish&Chips', 8)]",1042.5,-37.8137278,144.9398582,0,10.15,15.570104
ORDC10285,2018-04-01,10:52:23,Breakfast,NS,"[('Eggs', 1), ('Pancake', 4), ('Coffee', 4)]",149.0,-37.8196423,144.979661,0,9.562,17.1479737
ORDK09564,2018-11-26,18:49:00,Dinner,BK,"[('Salmon', 10), ('Shrimp', 9), ('Fish&Chips', 3)]",1001.0,-37.8203841,144.949541,0,9.13,15.9819274
ORDJ10641,2018-10-18,17:38:01,Dinner,TP,"[('Fish&Chips', 4), ('Salmon', 8), ('Pasta', 5)]",605.5,-37.8186583,144.9670254,0,7.565,12.0581003
ORDC01740,2018-07-22,14:35:29,Lunch,NS,"[('Steak', 7), ('Burger', 8), ('Salad', 7), ('Chicken', 7), ('Fries', 2)]",931.4,-37.8147307,144.9652522,0,8.042,15.7020351
ORDX03498,2018-11-28,18:59:09,Dinner,BK,"[('Shrimp', 5), ('Salmon', 5), ('Pasta', 5), ('Fish&Chips', 10)]",962.5,-37.7926187,144.9582485,0,9.2,16.1691385
ORDB03819,2018-06-06,13:04:13,Lunch,TP,"[('Chicken', 1), ('Salad', 10), ('Fries', 1), ('Burger', 2)]",278.0,-37.817466,144.9617719,0,7.925,11.2426747
ORDA06379,2018-09-24,16:47:19,Dinner,BK,"[('Salmon', 7), ('Shrimp', 5)]",557.0,-37.8037623,144.9421027,0,9.381,16.582989
ORDK03839,2018-02-18,09:31:16,Breakfast,BK,"[('Pancake', 1), ('Coffee', 4), ('Cereal', 3)]",117.25,-37.8196114,144.9937264,0,5.451,12.4930253
ORDI05528,2018-07-29,14:55:46,Lunch,NS,"[('Fries', 6), ('Salad', 1), ('Chicken', 1), ('Steak', 9)]",526.2,-37.8214145,144.9503213,0,9.774,16.7042509
ORDK03727,2018-05-24,12:43:56,Lunch,BK,"[('Steak', 6), ('Salad', 6), ('Fries', 6), ('Chicken', 4), ('Burger', 3)]",666.2,-37.8189972,144.9766161,0,7.172,12.8975284
ORDI05028,2018-12-05,19:09:17,Dinner,NS,"[('Pasta', 6), ('Salmon', 8)]",493.0,-37.813581,144.9468707,0,9.195,15.383053
ORDZ02964,2018-04-17,11:22:49,Breakfast,NS,"[('Pancake', 5), ('Cereal', 8), ('Coffee', 8), ('Eggs', 8)]",525.25,-37.8119686,144.9637646,0,7.726,12.9754388
ORDC05145,2018-05-28,12:54:05,Lunch,NS,"[('Fries', 7), ('Chicken', 5), ('Steak', 10), ('Burger', 5)]",849.0,-37.8089529,144.9463694,0,8.938,14.3668927
ORDI03607,2018-01-23,08:40:33,Breakfast,NS,"[('Cereal', 10), ('Coffee', 5), ('Eggs', 5)]",357.5,-37.8017302,144.9794172,0,6.928,11.8934308
ORDB09495,2018-07-27,14:45:38,Lunch,TP,"[('Fries', 7), ('Burger', 5), ('Salad', 7), ('Steak', 1), ('Chicken', 2)]",468.4,-37.8104509,144.9834662,0,9.49,13.1124617
ORDX02966,2018-10-18,17:38:01,Dinner,BK,"[('Fish&Chips', 8), ('Shrimp', 2), ('Salmon', 1), ('Pasta', 2)]",484.0,-37.8185502,144.9671099,0,7.581,14.1425357
ORDI00057,2018-03-09,10:11:49,Breakfast,NS,"[('Coffee', 8), ('Eggs', 9)]",258.0,-37.8259124,144.9816174,0,9.313,14.6048129
ORDX00697,2018-02-25,09:41:24,Breakfast,BK,"[('Cereal', 9), ('Pancake', 8), ('Eggs', 4)]",471.0,-37.8235408,144.9714298,0,7.896,15.8626727
ORDY10111,2018-08-03,15:05:54,Lunch,TP,"[('Chicken', 4), ('Fries', 7), ('Steak', 9), ('Burger', 9), ('Salad', 8)]",1033.6,-37.8203435,144.9740351,0,7.821,11.4851687
ORDZ03333,2018-06-30,13:54:55,Lunch,NS,"[('Burger', 7), ('Chicken', 10), ('Salad', 7)]",657.4,-37.8167591,144.9822729,0,8.623,16.089806
ORDA06952,2018-12-31,20:00:00,Dinner,BK,"[('Salmon', 2), ('Pasta', 4), ('Shrimp', 2), ('Fish&Chips', 5)]",475.0,-37.8048737,145.0036689,0,5.094,12.3472112
ORDB07527,2018-08-22,15:46:28,Lunch,TP,"[('Fries', 2), ('Steak', 3)]",159.0,-37.8115345,144.9490086,0,9.402,13.0277119
ORDB06372,2018-10-19,17:38:01,Dinner,TP,"[('Pasta', 5), ('Fish&Chips', 8), ('Shrimp', 6)]",741.5,-37.8183928,144.9670339,0,7.604,11.117336
ORDY03364,2018-03-29,10:52:23,Breakfast,TP,"[('Cereal', 10), ('Eggs', 9), ('Pancake', 5), ('Coffee', 2)]",544.25,-37.8220936,144.9635461,0,7.46,10.5004107
ORDA07622,2018-09-05,16:06:45,Dinner,BK,"[('Salmon', 1), ('Pasta', 7), ('Shrimp', 9), ('Fish&Chips', 7)]",964.5,-37.8187161,144.9168055,0,11.97,18.7647298
ORDJ03644,2018-08-04,15:05:54,Lunch,TP,"[('Steak', 1), ('Chicken', 4), ('Fries', 6), ('Burger', 5)]",400.0,-37.8199086,144.9507783,0,8.723,13.6869405
ORDJ09997,2018-07-10,14:15:12,Lunch,TP,"[('Salad', 8), ('Fries', 2)]",161.6,-37.8203354,145.0017179,0,10.822,13.7535318
ORDY05851,2018-05-15,12:23:39,Lunch,TP,"[('Steak', 9), ('Fries', 5)]",465.0,-37.8240069,144.9534791,0,8.2,11.4943365
ORDA10887,2018-07-29,14:55:46,Lunch,BK,"[('Chicken', 3), ('Salad', 8), ('Fries', 2), ('Burger', 9), ('Steak', 1)]",581.6,-37.8128225,144.9479064,0,10.357,18.6115711
ORDZ05173,2018-07-27,14:45:38,Lunch,NS,"[('Burger', 8), ('Steak', 5), ('Chicken', 2), ('Salad', 9)]",691.8,-37.8002505,144.9700839,0,6.126,11.6935966
ORDA09332,2018-05-02,11:53:14,Breakfast,BK,"[('Eggs', 7), ('Pancake', 6), ('Cereal', 4), ('Coffee', 8)]",443.5,-37.8085478,144.9533085,0,8.497,13.2748351
ORDJ00826,2018-09-11,16:27:02,Dinner,TP,"[('Salmon', 4), ('Fish&Chips', 3), ('Pasta', 6)]",434.0,-37.8077318,144.9706127,0,9.244,13.3685633
ORDI03435,2018-12-20,19:39:43,Dinner,NS,"[('Pasta', 8), ('Shrimp', 9), ('Salmon', 3)]",829.0,-37.8129112,144.933698,0,8.905,14.792008
ORDI00079,2018-12-04,19:09:17,Dinner,NS,"[('Salmon', 5), ('Pasta', 4), ('Fish&Chips', 7), ('Shrimp', 7)]",938.0,-37.8161056,144.9682411,0,8.098,14.3597382
ORDB00418,2018-11-09,18:18:35,Dinner,TP,"[('Salmon', 9), ('Fish&Chips', 6), ('Shrimp', 10), ('Pasta', 1)]",1146.5,-37.8129148,144.9857283,0,9.538,14.0516589
ORDY10535,2018-04-06,11:02:32,Breakfast,TP,"[('Cereal', 3), ('Coffee', 4)]",93.0,-37.8034179,144.956843,0,9.418,12.1955808
ORDK00486,2018-11-06,18:18:35,Dinner,BK,"[('Salmon', 6), ('Fish&Chips', 4)]",386.0,-37.8190727,144.9821923,0,6.558,13.4829369
ORDJ02597,2018-12-09,19:19:26,Dinner,TP,"[('Shrimp', 5), ('Salmon', 5), ('Fish&Chips', 9), ('Pasta', 8)]",1010.0,-37.8063815,144.937708,0,10.5,15.6521531
ORDI04541,2018-07-26,14:45:38,Lunch,NS,"[('Chicken', 9), ('Burger', 7), ('Fries', 2)]",529.0,-37.8006624,144.9823452,0,7.302,12.595857
ORDJ10896,2018-06-10,13:14:21,Lunch,TP,"[('Chicken', 8), ('Burger', 8), ('Fries', 6), ('Steak', 3)]",711.0,-37.8151243,144.9451961,0,9.543,14.1766573
ORDK02620,2018-02-05,09:10:59,Breakfast,BK,"[('Eggs', 4), ('Cereal', 7)]",235.0,-37.8197736,144.9613752,0,8.044,13.1592215
ORDX00788,2018-08-15,15:26:11,Lunch,BK,"[('Burger', 6), ('Chicken', 6), ('Steak', 1), ('Fries', 5)]",483.0,-37.8082849,144.976546,0,6.224,11.6116247
ORDB01670,2018-05-17,12:33:48,Lunch,TP,"[('Salad', 7), ('Burger', 4), ('Fries', 7), ('Steak', 5), ('Chicken', 9)]",841.4,-37.814967,144.9451251,0,9.556,12.670126
ORDC10873,2018-03-12,10:11:49,Breakfast,NS,"[('Eggs', 4), ('Pancake', 8)]",282.0,-37.815309,144.9459185,0,9.158,14.4656075
ORDZ09684,2018-01-23,08:40:33,Breakfast,NS,"[('Eggs', 6), ('Coffee', 7), ('Pancake', 9)]",402.75,-37.8172561,144.9621702,0,8.589,13.1857275
ORDB03013,2018-08-21,15:36:20,Lunch,TP,"[('Salad', 10), ('Fries', 9), ('Burger', 2), ('Steak', 3), ('Chicken', 6)]",669.0,-37.813942,144.966996,0,8.215,11.4383365
ORDZ01281,2018-07-04,14:05:04,Lunch,NS,"[('Burger', 9), ('Fries', 6), ('Steak', 1), ('Chicken', 6)]",588.0,-37.8215079,144.9636112,0,9.031,14.9007568
ORDB10190,2018-10-08,17:17:44,Dinner,TP,"[('Fish&Chips', 2), ('Salmon', 2)]",152.0,-37.8136573,144.9572853,0,8.419,13.0881046
ORDZ03560,2018-10-22,17:48:10,Dinner,NS,"[('Salmon', 8), ('Shrimp', 6), ('Fish&Chips', 2), ('Pasta', 3)]",804.5,-37.8191411,144.9650716,0,8.721,15.1172343
ORDC07641,2018-06-23,13:44:47,Lunch,NS,"[('Chicken', 1), ('Burger', 3)]",125.0,-37.7986268,144.9811829,0,7.308,14.4099747
ORDJ08099,2018-11-15,18:28:43,Dinner,TP,"[('Shrimp', 6), ('Pasta', 5)]",461.5,-37.8073473,144.9455222,0,10.072,13.5439034
ORDZ04248,2018-03-24,10:42:15,Breakfast,NS,"[('Cereal', 7), ('Coffee', 4), ('Pancake', 2)]",225.5,-37.8198836,144.9853014,0,9.092,16.0783123
ORDZ10926,2018-05-15,12:23:39,Lunch,NS,"[('Fries', 2), ('Salad', 5), ('Steak', 8), ('Chicken', 5)]",630.0,-37.8145119,144.9697962,0,7.808,13.2474808
ORDC10778,2018-11-10,18:18:35,Dinner,NS,"[('Fish&Chips', 8), ('Shrimp', 7), ('Salmon', 5), ('Pasta', 2)]",918.0,-37.8196704,145.0100186,0,11.018,19.3597321
ORDC02874,2018-07-31,14:55:46,Lunch,NS,"[('Chicken', 6), ('Steak', 5)]",417.0,-37.8149894,144.9828729,0,8.499,13.9629777
ORDZ08169,2018-10-06,17:17:44,Dinner,NS,"[('Shrimp', 10), ('Pasta', 6), ('Fish&Chips', 3), ('Salmon', 1)]",851.0,-37.8185268,144.9701227,0,8.43,16.3563369
ORDI09416,2018-05-06,12:03:22,Lunch,NS,"[('Salad', 3), ('Steak', 3), ('Burger', 5)]",341.6,-37.8027946,144.9835952,0,7.379,14.8711829
ORDK01337,2018-08-18,15:36:20,Lunch,BK,"[('Burger', 10), ('Steak', 9), ('Salad', 1)]",732.2,-37.8104906,145.0041801,0,3.813,11.9404725
ORDX10026,2018-11-22,18:49:00,Dinner,BK,"[('Salmon', 10), ('Pasta', 5), ('Fish&Chips', 4), ('Shrimp', 8)]",1119.5,-37.8132321,144.9313859,0,11.253,18.6015476
ORDC09562,2018-10-23,17:48:10,Dinner,NS,"[('Pasta', 1), ('Salmon', 6), ('Fish&Chips', 1), ('Shrimp', 4)]",524.5,-37.8082426,144.9481888,0,8.825,15.1207023
ORDY03984,2018-10-31,17:58:18,Dinner,TP,"[('Pasta', 3), ('Fish&Chips', 2), ('Salmon', 10), ('Shrimp', 6)]",886.5,-37.8157135,144.9983034,0,10.637,14.6817346
ORDZ01235,2018-11-16,18:28:43,Dinner,NS,"[('Salmon', 1), ('Fish&Chips', 6), ('Pasta', 2)]",306.0,-37.8202524,144.9854686,0,9.138,15.0377631
ORDJ02672,2018-04-23,11:43:05,Breakfast,TP,"[('Coffee', 7), ('Pancake', 8)]",246.5,-37.8175194,144.9693294,0,7.939,11.0805726
ORDJ09810,2018-06-07,13:14:21,Lunch,TP,"[('Steak', 5), ('Fries', 3)]",261.0,-37.8080956,144.9519139,0,9.295,12.9778763
ORDB10418,2018-01-26,08:50:42,Breakfast,TP,"[('Cereal', 9), ('Pancake', 2), ('Coffee', 6)]",282.5,-37.8205486,144.953632,0,8.65,11.5867875
ORDI07247,2018-04-16,11:22:49,Breakfast,NS,"[('Coffee', 3), ('Cereal', 1), ('Pancake', 8)]",237.5,-37.8135903,144.9572938,0,8.274,13.0460916
ORDC08335,2018-06-26,13:44:47,Lunch,NS,"[('Salad', 8), ('Chicken', 2), ('Fries', 2)]",225.6,-37.8111243,145.0017881,0,9.648,14.8242731
ORDI10081,2018-04-05,11:02:32,Breakfast,NS,"[('Cereal', 10), ('Pancake', 4)]",307.0,-37.8178098,144.9516661,0,9.155,14.2776454
ORDX07681,2018-09-20,16:37:10,Dinner,BK,"[('Pasta', 4), ('Fish&Chips', 10), ('Salmon', 1), ('Shrimp', 9)]",987.0,-37.8198279,144.9651369,0,7.854,14.9790066
ORDJ03192,2018-11-07,18:18:35,Dinner,TP,"[('Salmon', 10), ('Pasta', 1)]",437.5,-37.8081736,144.9605362,0,8.736,13.1604215
ORDK10111,2018-12-26,19:49:51,Dinner,BK,"[('Shrimp', 10), ('Salmon', 7)]",827.0,-37.8051431,144.9573951,0,8.01,15.0188559
ORDX05135,2018-04-09,11:12:40,Breakfast,BK,"[('Cereal', 9), ('Eggs', 6), ('Pancake', 3), ('Coffee', 10)]",468.75,-37.8041339,144.9564001,0,8.131,13.5878349
ORDB04729,2018-09-29,16:57:27,Dinner,TP,"[('Salmon', 9), ('Fish&Chips', 1)]",404.0,-37.8014039,144.9483578,0,10.199,15.9151393
ORDB05822,2018-07-28,14:55:46,Lunch,TP,"[('Salad', 8), ('Steak', 5), ('Fries', 3), ('Burger', 10)]",708.6,-37.8129222,144.9598423,0,8.463,13.1132969
ORDC07506,2018-12-29,20:00:00,Dinner,NS,"[('Shrimp', 9), ('Pasta', 7), ('Salmon', 2), ('Fish&Chips', 10)]",1110.5,-37.8199985,144.9505275,0,9.523,17.9687641
ORDA01391,2018-12-23,19:49:51,Dinner,BK,"[('Shrimp', 5), ('Fish&Chips', 4)]",410.0,-37.8179683,145.003905,0,4.433,13.259209
ORDB08786,2018-07-03,14:05:04,Lunch,TP,"[('Salad', 7), ('Fries', 5), ('Chicken', 7)]",404.4,-37.8125548,144.9650658,0,8.315,11.6322198
ORDK04569,2018-06-18,13:34:38,Lunch,BK,"[('Steak', 1), ('Fries', 9), ('Salad', 9), ('Chicken', 6), ('Burger', 7)]",716.8,-37.8132542,144.973865,0,6.844,12.5103041
ORDA07106,2018-10-28,17:58:18,Dinner,BK,"[('Pasta', 2), ('Shrimp', 8), ('Salmon', 9), ('Fish&Chips', 10)]",1206.0,-37.8088022,144.9485653,0,8.959,17.8762737
ORDX04976,2018-05-17,12:23:39,Lunch,BK,"[('Salad', 3), ('Chicken', 9)]",339.6,-37.8268424,144.955345,0,9.011,14.8930751
ORDY06945,2018-09-11,16:27:02,Dinner,TP,"[('Shrimp', 3), ('Salmon', 4)]",326.0,-37.808112,144.9689281,0,9.1,12.9949936
ORDJ08434,2018-04-18,11:32:57,Breakfast,TP,"[('Cereal', 5), ('Pancake', 4), ('Eggs', 8)]",378.0,-37.8134209,144.9738303,0,8.603,11.6563309
ORDA01069,2018-04-08,11:12:40,Breakfast,BK,"[('Coffee', 2), ('Pancake', 7), ('Eggs', 8)]",360.75,-37.8179658,145.0131559,0,4.165,11.751171
ORDJ01625,2018-05-30,12:54:05,Lunch,TP,"[('Steak', 3), ('Fries', 4), ('Chicken', 9)]",471.0,-37.8004388,144.9577982,0,9.674,13.166666
ORDZ04823,2018-09-03,16:06:45,Dinner,NS,"[('Pasta', 3), ('Shrimp', 9)]",568.5,-37.8099614,144.9360533,0,10.005,16.2302287
ORDI04063,2018-09-29,16:57:27,Dinner,NS,"[('Salmon', 7), ('Shrimp', 8)]",719.0,-37.8106324,144.9452414,0,9.117,17.9633473
ORDJ00706,2018-07-17,14:35:29,Lunch,TP,"[('Chicken', 1), ('Fries', 2), ('Steak', 8), ('Salad', 5)]",502.0,-37.8165376,145.0154557,0,12.938,15.3695682
ORDX02706,2018-02-08,09:10:59,Breakfast,BK,"[('Cereal', 8), ('Eggs', 5)]",278.0,-37.8224318,144.9790292,0,7.052,12.4691504
ORDJ01792,2018-08-23,15:46:28,Lunch,TP,"[('Burger', 1), ('Salad', 1)]",48.2,-37.8230574,144.9879668,0,9.326,12.5515279
ORDA05289,2018-09-14,16:27:02,Dinner,BK,"[('Pasta', 9), ('Shrimp', 1), ('Salmon', 5)]",506.5,-37.8050539,144.9713636,0,7.032,13.3210536
ORDZ06025,2018-03-05,10:01:41,Breakfast,NS,"[('Eggs', 5), ('Cereal', 1), ('Pancake', 5), ('Coffee', 10)]",327.25,-37.8100727,144.9762159,0,7.874,13.031197
ORDI02367,2018-11-26,18:59:09,Dinner,NS,"[('Salmon', 4), ('Pasta', 5), ('Fish&Chips', 10), ('Shrimp', 5)]",921.5,-37.8010622,144.9567734,0,7.44,13.4495551
ORDK06210,2018-03-15,10:21:58,Breakfast,BK,"[('Cereal', 9), ('Pancake', 4), ('Coffee', 10)]",361.0,-37.8010658,145.0049799,0,4.81,9.3585496
ORDB06350,2018-04-19,11:32:57,Breakfast,TP,"[('Coffee', 10), ('Pancake', 6), ('Cereal', 10)]",430.5,-37.8134053,144.9736092,0,8.627,11.5144748
ORDY03572,2018-05-12,12:13:31,Lunch,TP,"[('Burger', 3), ('Salad', 7), ('Fries', 5), ('Steak', 10)]",723.4,-37.8023249,144.9622158,0,9.496,13.9631768
ORDA09073,2018-08-14,15:26:11,Lunch,BK,"[('Salad', 1), ('Chicken', 7), ('Fries', 7), ('Steak', 2), ('Burger', 1)]",446.2,-37.8035969,144.9665117,0,7.444,13.1792344
ORDJ04070,2018-08-18,15:36:20,Lunch,TP,"[('Salad', 4), ('Chicken', 4), ('Steak', 5)]",421.8,-37.8177655,144.9469248,0,9.367,14.3825709
ORDK08993,2018-07-24,14:45:38,Lunch,BK,"[('Steak', 5), ('Burger', 2), ('Chicken', 10), ('Salad', 6), ('Fries', 2)]",734.2,-37.8179065,144.9677541,0,7.421,13.5906934
ORDJ02352,2018-10-16,17:27:53,Dinner,TP,"[('Salmon', 10), ('Pasta', 6), ('Shrimp', 1), ('Fish&Chips', 4)]",769.0,-37.8221138,144.9951526,0,10.006,13.8113543
ORDA01003,2018-08-05,15:05:54,Lunch,BK,"[('Burger', 8), ('Steak', 6), ('Fries', 8), ('Chicken', 1)]",646.0,-37.8132846,144.9514825,0,8.555,17.1981952
ORDC06532,2018-12-10,19:19:26,Dinner,NS,"[('Pasta', 4), ('Shrimp', 4), ('Fish&Chips', 8)]",606.0,-37.8028849,145.0029832,0,9.202,14.8524114
ORDK05826,2018-12-30,20:00:00,Dinner,BK,"[('Shrimp', 9), ('Salmon', 2), ('Pasta', 1)]",595.5,-37.8257965,144.9680325,0,8.332,17.5761854
ORDK08199,2018-06-04,13:04:13,Lunch,BK,"[('Burger', 8), ('Steak', 7), ('Fries', 2), ('Salad', 4), ('Chicken', 2)]",719.8,-37.8139282,144.9654051,0,7.72,13.1350624
ORDX05344,2018-07-08,14:15:12,Lunch,BK,"[('Burger', 5), ('Salad', 8), ('Steak', 6)]",562.6,-37.8014682,144.9969432,0,5.352,14.4194123
ORDZ05645,2018-10-08,17:17:44,Dinner,NS,"[('Pasta', 10), ('Fish&Chips', 1), ('Salmon', 7), ('Shrimp', 7)]",975.0,-37.8185433,144.9596504,0,8.827,14.7737812
ORDI07298,2018-02-24,09:41:24,Breakfast,NS,"[('Pancake', 5), ('Cereal', 5)]",226.25,-37.8163473,144.9509305,0,10.046,16.5798237
ORDA05441,2018-03-20,10:32:06,Breakfast,BK,"[('Pancake', 7), ('Cereal', 9), ('Coffee', 6)]",403.75,-37.8102245,144.9578222,0,8.018,12.7924018
ORDZ00480,2018-11-14,18:28:43,Dinner,NS,"[('Shrimp', 8), ('Pasta', 10), ('Salmon', 1), ('Fish&Chips', 10)]",1098.0,-37.7987038,144.9672326,0,6.539,12.2751224
ORDB03183,2018-04-10,11:12:40,Breakfast,TP,"[('Coffee', 9), ('Eggs', 4), ('Pancake', 9)]",373.75,-37.8206094,144.9668683,0,7.534,10.059239
ORDK02177,2018-03-21,10:32:06,Breakfast,BK,"[('Eggs', 3), ('Cereal', 7), ('Coffee', 9)]",280.5,-37.8134507,144.960142,0,7.936,12.908538
ORDC04393,2018-12-26,19:49:51,Dinner,NS,"[('Salmon', 8), ('Shrimp', 4)]",544.0,-37.8118438,145.0004152,0,9.622,15.7636684
ORDB00551,2018-10-26,17:48:10,Dinner,TP,"[('Pasta', 6), ('Shrimp', 9), ('Fish&Chips', 3)]",756.0,-37.8038035,144.9781357,0,10.253,14.4766719
ORDJ02085,2018-11-12,18:28:43,Dinner,TP,"[('Salmon', 3), ('Pasta', 5), ('Fish&Chips', 4), ('Shrimp', 6)]",724.5,-37.8156465,144.938578,0,10.402,14.7591552
ORDK05339,2018-08-23,15:46:28,Lunch,BK,"[('Chicken', 6), ('Burger', 3), ('Fries', 8), ('Salad', 4)]",449.8,-37.8134313,144.944043,0,9.35,15.3371189
ORDB01167,2018-02-22,09:41:24,Breakfast,TP,"[('Eggs', 5), ('Cereal', 4)]",194.0,-37.8151312,144.9662281,0,8.005,11.1941813
ORDX09977,2018-07-07,14:05:04,Lunch,BK,"[('Salad', 8), ('Steak', 9)]",542.6,-37.8144218,144.9876715,0,5.596,14.2056707
ORDC08364,2018-04-16,11:22:49,Breakfast,NS,"[('Eggs', 9), ('Coffee', 5), ('Cereal', 6), ('Pancake', 3)]",434.25,-37.8109284,144.9673354,0,7.417,12.1528709
ORDC09641,2018-10-29,17:58:18,Dinner,NS,"[('Shrimp', 3), ('Fish&Chips', 10)]",512.0,-37.8239154,144.9299158,0,11.395,16.5022881
ORDC00678,2018-11-25,18:49:00,Dinner,NS,"[('Fish&Chips', 9), ('Salmon', 6), ('Shrimp', 5)]",831.0,-37.8200044,144.9813425,0,8.87,16.8189098
ORDC04951,2018-06-09,13:14:21,Lunch,NS,"[('Steak', 6), ('Burger', 8), ('Fries', 1), ('Chicken', 4), ('Salad', 9)]",812.8,-37.8039685,144.9175835,0,11.455,18.897335
ORDI10711,2018-05-17,12:33:48,Lunch,NS,"[('Chicken', 9), ('Steak', 10), ('Burger', 7), ('Salad', 9)]",1109.8,-37.8149615,144.9451342,0,9.172,14.7664255
ORDI02389,2018-11-03,18:08:27,Dinner,NS,"[('Pasta', 3), ('Fish&Chips', 10)]",432.5,-37.8116667,144.9521569,0,8.547,16.3110474
ORDJ05160,2018-11-28,18:59:09,Dinner,TP,"[('Pasta', 2), ('Fish&Chips', 9), ('Salmon', 7), ('Shrimp', 2)]",765.0,-37.8181858,144.975564,0,8.404,12.2272835
ORDY08257,2018-11-17,18:38:52,Dinner,TP,"[('Pasta', 4), ('Shrimp', 9), ('Salmon', 6)]",842.0,-37.8183799,144.9613454,0,7.791,13.566411
ORDJ03125,2018-03-30,10:52:23,Breakfast,TP,"[('Cereal', 1), ('Eggs', 10), ('Pancake', 6)]",386.5,-37.8123258,144.9622684,0,8.251,10.7689952
ORDA08691,2018-12-26,19:49:51,Dinner,BK,"[('Shrimp', 8), ('Fish&Chips', 2)]",502.0,-37.8196438,144.9477922,0,9.352,15.9486079
ORDZ03321,2018-05-23,12:43:56,Lunch,NS,"[('Salad', 9), ('Burger', 5), ('Chicken', 5)]",469.8,-37.8189958,144.9768879,0,8.458,13.6747894
ORDK07548,2018-10-14,17:27:53,Dinner,BK,"[('Salmon', 6), ('Shrimp', 7), ('Fish&Chips', 9)]",939.0,-37.8113965,144.9379083,0,10.044,19.6835111
ORDZ09421,2018-11-20,18:38:52,Dinner,NS,"[('Pasta', 7), ('Shrimp', 5)]",462.5,-37.8141184,145.009281,0,10.596,16.8657285
ORDB03501,2018-07-17,14:35:29,Lunch,TP,"[('Steak', 8), ('Burger', 3)]",453.0,-37.8004188,145.0100791,0,12.662,15.6202712
ORDA03616,2018-02-28,09:51:32,Breakfast,BK,"[('Eggs', 8), ('Cereal', 2), ('Coffee', 6)]",263.0,-37.8064761,144.9322171,0,10.38,15.3301918
ORDB00660,2018-06-25,13:44:47,Lunch,TP,"[('Chicken', 1), ('Fries', 4)]",80.0,-37.8244595,144.9829978,0,8.891,12.2277353
ORDX07805,2018-12-10,19:19:26,Dinner,BK,"[('Pasta', 7), ('Fish&Chips', 2), ('Salmon', 9), ('Shrimp', 8)]",1063.5,-37.8121446,144.9379354,0,10.357,17.0565355
ORDI03022,2018-08-25,15:46:28,Lunch,NS,"[('Fries', 4), ('Steak', 3), ('Salad', 2), ('Chicken', 5)]",377.4,-37.8047601,144.9366538,0,9.745,17.6478647
ORDI01172,2018-12-25,19:49:51,Dinner,NS,"[('Salmon', 9), ('Pasta', 5)]",506.5,-37.816091,145.009424,0,10.815,16.8226117
ORDI06822,2018-11-01,18:08:27,Dinner,NS,"[('Pasta', 2), ('Salmon', 4), ('Shrimp', 6), ('Fish&Chips', 6)]",753.0,-37.8046273,144.9633557,0,7.098,13.6324538
ORDX04441,2018-02-05,09:00:50,Breakfast,BK,"[('Pancake', 6), ('Coffee', 9), ('Cereal', 6)]",339.0,-37.8160136,144.9919545,0,5.41,9.6513671
ORDJ07957,2018-06-27,13:54:55,Lunch,TP,"[('Burger', 7), ('Salad', 2), ('Fries', 1)]",263.4,-37.8126506,144.9519692,0,9.163,13.203114
ORDI01632,2018-05-27,12:43:56,Lunch,NS,"[('Salad', 3), ('Fries', 5), ('Chicken', 8)]",367.6,-37.819704,144.9791275,0,8.649,16.0113254
ORDB04957,2018-10-07,17:17:44,Dinner,TP,"[('Salmon', 6), ('Fish&Chips', 3)]",351.0,-37.8197989,144.9612984,0,7.586,13.71332
ORDJ09938,2018-04-10,11:12:40,Breakfast,TP,"[('Cereal', 10), ('Eggs', 4), ('Pancake', 8), ('Coffee', 2)]",507.0,-37.8031147,144.9496683,0,9.937,13.199938
ORDI10491,2018-08-24,15:46:28,Lunch,NS,"[('Chicken', 4), ('Burger', 1), ('Steak', 3), ('Salad', 5), ('Fries', 10)]",500.0,-37.8032103,144.9356453,0,9.923,15.1483113
ORDC00731,2018-07-27,14:45:38,Lunch,NS,"[('Burger', 9), ('Steak', 1), ('Chicken', 6), ('Fries', 5)]",576.0,-37.8050501,144.987982,0,8.062,13.2420581
ORDK06050,2018-07-03,14:05:04,Lunch,BK,"[('Fries', 1), ('Chicken', 3), ('Salad', 9)]",262.8,-37.8075459,144.9627241,0,7.478,13.4861286
ORDY01340,2018-08-10,15:16:03,Lunch,TP,"[('Salad', 7), ('Fries', 2), ('Burger', 2)]",206.4,-37.7993102,144.963207,0,9.886,13.0322801
ORDK01911,2018-04-01,10:52:23,Breakfast,BK,"[('Pancake', 8), ('Cereal', 1)]",215.0,-37.8160628,144.9529516,0,8.633,15.6326309
ORDJ04307,2018-12-25,19:49:51,Dinner,TP,"[('Salmon', 7), ('Shrimp', 2), ('Pasta', 2), ('Fish&Chips', 3)]",555.0,-37.8158245,144.9326915,0,11.011,14.6000031
ORDX07941,2018-10-28,17:58:18,Dinner,BK,"[('Salmon', 1), ('Fish&Chips', 5), ('Shrimp', 4)]",432.0,-37.809203,144.9484582,0,8.935,18.1032912
ORDA04350,2018-10-03,17:07:36,Dinner,BK,"[('Fish&Chips', 4), ('Salmon', 2)]",222.0,-37.8080675,144.9578502,0,7.955,14.5492924
ORDI10698,2018-08-05,15:05:54,Lunch,NS,"[('Chicken', 6), ('Fries', 5), ('Salad', 9)]",406.8,-37.8058293,144.9308676,0,10.308,18.3606646
ORDC01855,2018-02-20,09:31:16,Breakfast,NS,"[('Pancake', 4), ('Cereal', 6), ('Coffee', 5), ('Eggs', 10)]",480.5,-37.823695,144.9672159,0,9.095,13.8803072
ORDK03295,2018-03-14,10:21:58,Breakfast,BK,"[('Eggs', 2), ('Coffee', 8), ('Pancake', 10)]",346.5,-37.8121739,145.014645,0,3.472,8.0546188
ORDJ04743,2018-07-02,13:54:55,Lunch,TP,"[('Fries', 4), ('Burger', 7), ('Chicken', 2), ('Salad', 1), ('Steak', 2)]",436.2,-37.8132051,144.9515425,0,9.059,12.7595915
ORDK01062,2018-05-12,12:23:39,Lunch,BK,"[('Chicken', 5), ('Salad', 4), ('Steak', 8)]",588.8,-37.8042332,144.9939455,0,5.237,14.003741
ORDB00450,2018-07-15,14:25:21,Lunch,TP,"[('Burger', 1), ('Steak', 7), ('Chicken', 7), ('Fries', 1)]",582.0,-37.8037747,145.0186593,0,13.646,17.6848303
ORDX06487,2018-12-27,20:00:00,Dinner,BK,"[('Salmon', 3), ('Pasta', 4), ('Fish&Chips', 1)]",268.0,-37.8193636,145.0147813,0,4.354,11.0281772
ORDB07786,2018-03-23,10:42:15,Breakfast,TP,"[('Eggs', 5), ('Coffee', 10), ('Cereal', 5), ('Pancake', 10)]",532.5,-37.8199784,144.9853188,0,9.236,12.0126924
ORDC00472,2018-04-07,11:12:40,Breakfast,NS,"[('Coffee', 1), ('Pancake', 10), ('Eggs', 5)]",360.0,-37.816741,145.0088132,0,10.752,17.5082449
ORDA07229,2018-12-22,19:49:51,Dinner,BK,"[('Pasta', 4), ('Salmon', 5), ('Shrimp', 7), ('Fish&Chips', 10)]",1043.0,-37.8226242,144.9825669,0,6.948,16.3863409
ORDC10021,2018-11-27,18:59:09,Dinner,NS,"[('Shrimp', 6), ('Salmon', 1), ('Pasta', 9)]",612.5,-37.8167231,144.9769207,0,8.352,14.3768031
ORDC04068,2018-11-12,18:28:43,Dinner,NS,"[('Shrimp', 10), ('Salmon', 9), ('Pasta', 2)]",964.0,-37.8049738,144.9793394,0,7.386,13.277456
ORDB08325,2018-01-21,08:40:33,Breakfast,TP,"[('Eggs', 3), ('Pancake', 10)]",308.5,-37.802952,144.9765919,0,9.823,14.2751657
ORDB10149,2018-07-04,14:05:04,Lunch,TP,"[('Burger', 4), ('Steak', 3), ('Chicken', 3), ('Salad', 1)]",372.2,-37.8033094,144.9649319,0,9.461,12.7824607
ORDC01996,2018-07-24,14:45:38,Lunch,NS,"[('Salad', 9), ('Fries', 2)]",178.8,-37.7993484,144.9846436,0,7.589,13.5643767
ORDB09359,2018-12-28,20:00:00,Dinner,TP,"[('Shrimp', 10), ('Salmon', 3)]",663.0,-37.7973074,145.0090702,0,12.946,16.0654167
ORDC05800,2018-07-11,14:15:12,Lunch,NS,"[('Steak', 5), ('Salad', 8), ('Fries', 10), ('Burger', 5), ('Chicken', 7)]",861.6,-37.8186647,145.0003489,0,10.153,15.8777432
ORDY10491,2018-08-05,15:05:54,Lunch,TP,"[('Fries', 5), ('Burger', 10), ('Salad', 2), ('Chicken', 8), ('Steak', 1)]",705.4,-37.8132756,144.9515121,0,9.057,14.334343
ORDX01249,2018-11-24,18:49:00,Dinner,BK,"[('Fish&Chips', 6), ('Salmon', 10), ('Shrimp', 1), ('Pasta', 6)]",839.0,-37.825692,144.997938,0,5.695,14.5402727
ORDA04289,2018-06-05,13:04:13,Lunch,BK,"[('Fries', 2), ('Burger', 3)]",117.0,-37.7996238,144.9450559,0,9.342,15.2550086
ORDK08889,2018-02-25,09:41:24,Breakfast,BK,"[('Pancake', 3), ('Cereal', 9), ('Eggs', 10), ('Coffee', 8)]",541.75,-37.8126526,144.9607696,0,7.795,15.4011881
ORDB02102,2018-11-07,18:18:35,Dinner,TP,"[('Pasta', 4), ('Shrimp', 1), ('Salmon', 7)]",451.0,-37.8080569,144.9604838,0,8.75,13.1278506
ORDC05770,2018-09-11,16:16:54,Dinner,NS,"[('Salmon', 4), ('Fish&Chips', 7), ('Pasta', 2), ('Shrimp', 5)]",734.0,-37.810432,144.9614358,0,7.66,13.508596
ORDB07247,2018-12-01,19:09:17,Dinner,TP,"[('Fish&Chips', 1), ('Pasta', 2)]",90.0,-37.8154612,144.9387959,0,10.318,15.8343504
ORDA00228,2018-03-08,10:11:49,Breakfast,BK,"[('Eggs', 8), ('Coffee', 2), ('Cereal', 5), ('Pancake', 5)]",417.25,-37.8053285,144.9863077,0,5.82,10.1985936
ORDZ01406,2018-05-03,12:03:22,Lunch,NS,"[('Chicken', 8), ('Fries', 4), ('Steak', 6)]",574.0,-37.8116535,144.9639498,0,7.748,13.2569349
ORDI10164,2018-04-24,11:43:05,Breakfast,NS,"[('Cereal', 7), ('Eggs', 1), ('Pancake', 9), ('Coffee', 6)]",432.25,-37.8187746,144.9533585,0,9.223,14.8209266
ORDA00109,2018-09-05,16:06:45,Dinner,BK,"[('Pasta', 6), ('Salmon', 6), ('Fish&Chips', 2)]",481.0,-37.8163564,144.9286491,0,11.607,18.815194
ORDI00809,2018-09-13,16:27:02,Dinner,NS,"[('Salmon', 7), ('Shrimp', 2), ('Pasta', 4)]",505.0,-37.8076122,144.9424351,0,9.357,15.6878585
ORDK05725,2018-03-26,10:42:15,Breakfast,BK,"[('Coffee', 3), ('Eggs', 6), ('Cereal', 6), ('Pancake', 5)]",401.75,-37.8013732,144.9743139,0,7.17,11.2709499
ORDK09146,2018-08-20,15:36:20,Lunch,BK,"[('Fries', 8), ('Steak', 8), ('Burger', 9), ('Chicken', 10)]",1055.0,-37.8044471,144.9527486,0,8.487,13.9493824
ORDY06546,2018-03-18,10:32:06,Breakfast,TP,"[('Eggs', 9), ('Pancake', 9)]",416.25,-37.8134528,144.9738281,0,8.601,12.7623204
ORDB02412,2018-06-20,13:34:38,Lunch,TP,"[('Fries', 4), ('Steak', 9), ('Salad', 5), ('Chicken', 8)]",795.0,-37.8008381,144.9724456,0,10.036,13.5008591
ORDJ04035,2018-12-30,20:00:00,Dinner,TP,"[('Shrimp', 6), ('Salmon', 5), ('Pasta', 2), ('Fish&Chips', 10)]",934.0,-37.8204853,144.9496384,0,8.809,14.1406255
ORDI09903,2018-04-07,11:12:40,Breakfast,NS,"[('Coffee', 3), ('Eggs', 7), ('Cereal', 6)]",302.5,-37.8177828,144.9663077,0,8.417,15.5513116
ORDB00458,2018-02-02,09:00:50,Breakfast,TP,"[('Cereal', 10), ('Pancake', 1)]",234.25,-37.8160013,144.9395197,0,10.235,12.6205941
ORDA05689,2018-12-27,20:00:00,Dinner,BK,"[('Pasta', 8), ('Salmon', 5), ('Shrimp', 10), ('Fish&Chips', 7)]",1210.0,-37.8156084,144.9357637,0,10.125,17.5068645
ORDZ03041,2018-05-13,12:23:39,Lunch,NS,"[('Steak', 7), ('Salad', 3), ('Chicken', 5), ('Fries', 9), ('Burger', 7)]",851.6,-37.8086131,144.9590029,0,7.743,15.4104615
ORDI02011,2018-06-27,13:54:55,Lunch,NS,"[('Salad', 1), ('Burger', 8), ('Chicken', 8)]",521.2,-37.8042953,144.9172316,0,11.481,17.0669723
ORDC04866,2018-12-28,20:00:00,Dinner,NS,"[('Pasta', 9), ('Fish&Chips', 2)]",317.5,-37.8120494,144.970453,0,7.421,13.6003234
ORDC02162,2018-02-03,09:00:50,Breakfast,NS,"[('Cereal', 2), ('Coffee', 4), ('Eggs', 5)]",182.0,-37.8094733,144.9560455,0,8.062,15.2312213
ORDB10790,2018-02-11,09:21:07,Breakfast,TP,"[('Coffee', 5), ('Cereal', 4)]",121.5,-37.8160461,144.9722204,0,8.189,12.5195545
ORDJ02133,2018-04-30,11:53:14,Breakfast,TP,"[('Eggs', 2), ('Pancake', 8), ('Coffee', 8), ('Cereal', 3)]",361.0,-37.8040613,144.9530848,0,9.638,11.8333507
ORDK05788,2018-07-29,14:55:46,Lunch,BK,"[('Burger', 3), ('Chicken', 8), ('Steak', 1), ('Fries', 5), ('Salad', 8)]",591.6,-37.8136041,144.9657232,0,7.5,15.8427699
ORDK04125,2018-08-02,15:05:54,Lunch,BK,"[('Chicken', 7), ('Salad', 6), ('Fries', 3), ('Burger', 6), ('Steak', 1)]",594.2,-37.8117299,144.9703045,0,7.065,13.3653862
ORDA10436,2018-01-31,08:50:42,Breakfast,BK,"[('Cereal', 5), ('Coffee', 10), ('Pancake', 9), ('Eggs', 2)]",442.25,-37.8223506,145.0141094,0,4.673,9.0533485
ORDC02130,2018-06-22,13:34:38,Lunch,NS,"[('Chicken', 10), ('Fries', 1)]",332.0,-37.8043742,145.0013652,0,9.36,14.0368675
ORDK08395,2018-08-08,15:16:03,Lunch,BK,"[('Fries', 9), ('Chicken', 6), ('Steak', 9), ('Burger', 6)]",891.0,-37.8046783,144.9646984,0,7.446,13.9858666
ORDK08976,2018-11-13,18:28:43,Dinner,BK,"[('Pasta', 3), ('Salmon', 2), ('Shrimp', 9), ('Fish&Chips', 10)]",1000.5,-37.8065476,144.9443851,0,9.218,16.3024628
ORDA05888,2018-12-25,19:49:51,Dinner,BK,"[('Pasta', 3), ('Salmon', 8), ('Shrimp', 3)]",572.5,-37.8221518,144.9692492,0,7.938,14.920072
ORDY00615,2018-06-05,13:04:13,Lunch,TP,"[('Chicken', 9), ('Salad', 7), ('Fries', 2), ('Burger', 7)]",649.4,-37.7996238,144.9450559,0,10.65,13.727421
ORDC02984,2018-05-16,12:23:39,Lunch,NS,"[('Salad', 8), ('Fries', 4), ('Chicken', 4), ('Burger', 8)]",561.6,-37.8105703,144.9642633,0,7.497,12.6446756
ORDB00325,2018-01-22,08:40:33,Breakfast,TP,"[('Pancake', 7), ('Coffee', 9), ('Cereal', 7)]",384.25,-37.8106671,144.9715857,0,8.919,11.9841453
ORDX00575,2018-06-07,13:14:21,Lunch,BK,"[('Fries', 2), ('Salad', 9), ('Steak', 5), ('Chicken', 5), ('Burger', 9)]",842.8,-37.8084167,144.9520604,0,8.639,14.9459984
ORDA09914,2018-09-07,16:16:54,Dinner,BK,"[('Fish&Chips', 9), ('Pasta', 6)]",480.0,-37.821232,144.9780544,0,7.09,13.9277312
ORDY08844,2018-07-07,14:15:12,Lunch,TP,"[('Chicken', 8), ('Steak', 3), ('Burger', 8), ('Fries', 4)]",687.0,-37.8083358,145.0117785,0,12.375,16.5289779
ORDZ09233,2018-12-05,19:09:17,Dinner,NS,"[('Shrimp', 1), ('Salmon', 7), ('Pasta', 1), ('Fish&Chips', 8)]",648.5,-37.8188099,144.9549068,0,9.117,15.3978645
ORDB00449,2018-06-07,13:14:21,Lunch,TP,"[('Chicken', 10), ('Salad', 10), ('Steak', 2), ('Fries', 5)]",642.0,-37.8061582,144.9516719,0,9.543,12.9371196
ORDC09792,2018-06-27,13:54:55,Lunch,NS,"[('Chicken', 5), ('Salad', 2), ('Burger', 9), ('Steak', 6)]",743.4,-37.8255378,144.9847156,0,9.579,15.4871607
ORDJ08813,2018-04-04,11:02:32,Breakfast,TP,"[('Eggs', 1), ('Pancake', 4)]",119.0,-37.8238502,144.9836936,0,8.754,11.544598
ORDY03974,2018-11-29,18:59:09,Dinner,TP,"[('Salmon', 8), ('Fish&Chips', 10), ('Shrimp', 7), ('Pasta', 9)]",1303.5,-37.8350501,144.961502,0,9.232,13.3455101
ORDB06075,2018-08-04,15:05:54,Lunch,TP,"[('Steak', 6), ('Chicken', 7), ('Fries', 8)]",590.0,-37.8032893,144.9497951,0,9.946,14.463608
ORDA02702,2018-04-17,11:32:57,Breakfast,BK,"[('Coffee', 7), ('Pancake', 10), ('Cereal', 9), ('Eggs', 2)]",528.0,-37.8138026,144.9485405,0,9.621,14.6321874
ORDZ10165,2018-05-30,12:54:05,Lunch,NS,"[('Salad', 3), ('Steak', 1), ('Burger', 6), ('Chicken', 8)]",538.6,-37.8243566,144.9523426,0,9.966,15.495376
ORDX03214,2018-07-03,14:05:04,Lunch,BK,"[('Burger', 8), ('Chicken', 4), ('Salad', 5), ('Fries', 4), ('Steak', 2)]",600.0,-37.8097651,144.9638494,0,7.403,13.4430317
ORDC06406,2018-12-13,19:29:34,Dinner,NS,"[('Fish&Chips', 6), ('Shrimp', 9)]",696.0,-37.8177809,144.9317784,0,9.524,15.6581087
ORDJ00212,2018-10-04,17:07:36,Dinner,TP,"[('Fish&Chips', 6), ('Salmon', 2)]",292.0,-37.8200745,145.0150325,0,11.971,15.4371036
ORDY05425,2018-09-22,16:47:19,Dinner,TP,"[('Shrimp', 4), ('Pasta', 8)]",436.0,-37.8000639,144.9720473,0,10.163,15.245388
ORDI08942,2018-11-08,18:18:35,Dinner,NS,"[('Fish&Chips', 9), ('Shrimp', 7), ('Salmon', 7)]",980.0,-37.8158455,144.9652007,0,8.204,14.1663955
ORDK00950,2018-03-19,10:32:06,Breakfast,BK,"[('Pancake', 10), ('Coffee', 7), ('Cereal', 10), ('Eggs', 1)]",527.0,-37.8173844,144.9674523,0,7.415,11.8347327
ORDB09442,2018-12-23,19:49:51,Dinner,TP,"[('Shrimp', 3), ('Pasta', 1), ('Salmon', 8)]",517.5,-37.8198403,145.0041663,0,11.053,16.1656107
ORDA10545,2018-10-11,17:17:44,Dinner,BK,"[('Shrimp', 4), ('Fish&Chips', 2), ('Pasta', 7)]",478.5,-37.8123695,144.9537121,0,8.524,15.9273366
ORDB09553,2018-10-19,17:38:01,Dinner,TP,"[('Shrimp', 10), ('Fish&Chips', 6), ('Salmon', 5), ('Pasta', 3)]",1037.5,-37.8107929,144.9447828,0,9.996,13.7971623
ORDA02904,2018-03-01,09:51:32,Breakfast,BK,"[('Pancake', 10), ('Cereal', 7)]",389.5,-37.815194,144.9750308,0,6.687,11.4149203
ORDI09896,2018-12-23,19:49:51,Dinner,NS,"[('Salmon', 1), ('Shrimp', 2), ('Fish&Chips', 7)]",394.0,-37.8187231,145.0037836,0,10.486,18.3573127
ORDZ06350,2018-03-31,10:52:23,Breakfast,NS,"[('Coffee', 5), ('Pancake', 2)]",86.0,-37.815038,144.9585529,0,8.415,15.7534395
ORDA05209,2018-10-01,16:57:27,Dinner,BK,"[('Fish&Chips', 4), ('Salmon', 2), ('Pasta', 10), ('Shrimp', 7)]",875.0,-37.8145317,144.9382023,0,9.875,17.0886605
ORDK04606,2018-09-20,16:37:10,Dinner,BK,"[('Fish&Chips', 8), ('Shrimp', 4), ('Salmon', 1), ('Pasta', 2)]",592.0,-37.8173369,144.9562328,0,8.462,15.1729456
ORDB03095,2018-07-05,14:05:04,Lunch,TP,"[('Chicken', 1), ('Fries', 5), ('Steak', 7), ('Salad', 5)]",493.0,-37.8052631,144.9863214,0,10.265,13.603021
ORDX06788,2018-04-05,11:02:32,Breakfast,BK,"[('Coffee', 10), ('Cereal', 8), ('Pancake', 10), ('Eggs', 9)]",683.5,-37.8178098,144.9516661,0,8.859,13.9068126
ORDC07817,2018-02-25,09:41:24,Breakfast,NS,"[('Eggs', 9), ('Coffee', 6)]",243.0,-37.8235408,144.9714298,0,9.234,16.4012501
ORDA02019,2018-09-16,16:27:02,Dinner,BK,"[('Shrimp', 3), ('Pasta', 2), ('Salmon', 7)]",504.0,-37.814807,144.9726604,0,6.917,16.6255388
ORDZ08046,2018-06-08,13:14:21,Lunch,NS,"[('Steak', 7), ('Chicken', 7), ('Salad', 8)]",676.6,-37.8035393,144.9659768,0,6.779,12.2502508
ORDC06765,2018-03-29,10:52:23,Breakfast,NS,"[('Pancake', 7), ('Cereal', 8)]",337.75,-37.8044794,144.9732073,0,6.829,12.0787888
ORDC01353,2018-12-23,19:49:51,Dinner,NS,"[('Pasta', 2), ('Salmon', 9)]",424.0,-37.805422,144.9522901,0,8.222,16.5183045
ORDY04594,2018-10-12,17:27:53,Dinner,TP,"[('Shrimp', 6), ('Fish&Chips', 10), ('Salmon', 6)]",920.0,-37.8195322,144.9617304,0,7.947,12.4059548
ORDC09838,2018-05-20,12:33:48,Lunch,NS,"[('Chicken', 5), ('Burger', 8)]",408.0,-37.8098082,144.9930308,0,8.843,15.9293278
ORDC09228,2018-07-27,14:45:38,Lunch,NS,"[('Chicken', 1), ('Burger', 3), ('Steak', 4), ('Salad', 10)]",477.0,-37.8271104,144.9836705,0,9.566,14.9574139
ORDY01658,2018-04-04,11:02:32,Breakfast,TP,"[('Pancake', 1), ('Coffee', 9), ('Eggs', 9), ('Cereal', 4)]",373.75,-37.8166521,144.9504549,0,9.169,11.4551376
ORDB00177,2018-05-27,12:43:56,Lunch,TP,"[('Burger', 3), ('Fries', 2)]",117.0,-37.805486,144.9522769,0,9.515,14.2137797
ORDA00185,2018-09-11,16:27:02,Dinner,BK,"[('Salmon', 10), ('Pasta', 5), ('Fish&Chips', 3), ('Shrimp', 4)]",868.5,-37.8004896,144.9905208,0,5.927,12.5587574
ORDB07779,2018-07-02,14:05:04,Lunch,TP,"[('Steak', 2), ('Salad', 4), ('Fries', 7), ('Chicken', 9), ('Burger', 8)]",778.8,-37.8106612,144.9644541,0,8.533,11.9987191
ORDI04503,2018-10-22,17:48:10,Dinner,NS,"[('Pasta', 1), ('Fish&Chips', 2), ('Shrimp', 6), ('Salmon', 3)]",544.5,-37.8207529,144.9669809,0,8.831,14.7380474
ORDK06976,2018-07-11,14:15:12,Lunch,BK,"[('Steak', 8), ('Salad', 3)]",411.6,-37.8087858,144.9678069,0,7.156,12.9107729
ORDB02790,2018-12-12,19:29:34,Dinner,TP,"[('Salmon', 9), ('Shrimp', 1)]",423.0,-37.8137047,144.9655369,0,8.183,12.5989911
ORDB06053,2018-02-01,09:00:50,Breakfast,TP,"[('Cereal', 4), ('Coffee', 1)]",91.5,-37.8148317,144.9554309,0,8.528,11.2565533
ORDJ07870,2018-05-22,12:33:48,Lunch,TP,"[('Steak', 5), ('Fries', 5)]",285.0,-37.8071567,144.9451185,0,10.064,13.0813222
ORDI02317,2018-10-11,17:17:44,Dinner,NS,"[('Fish&Chips', 10), ('Shrimp', 3)]",512.0,-37.8120417,144.9531543,0,8.454,14.590514
ORDJ04148,2018-08-16,15:26:11,Lunch,TP,"[('Fries', 9), ('Burger', 3), ('Chicken', 7)]",425.0,-37.8096086,144.9756251,0,9.065,12.2682717
ORDC00577,2018-05-10,12:13:31,Lunch,NS,"[('Fries', 1), ('Steak', 2), ('Burger', 7)]",319.0,-37.8151397,144.9477272,0,9.128,14.8272199
ORDK02123,2018-01-27,08:50:42,Breakfast,BK,"[('Pancake', 2), ('Cereal', 7), ('Eggs', 4)]",283.5,-37.8207099,144.9539227,0,8.706,16.1797638
ORDZ08010,2018-03-09,10:11:49,Breakfast,NS,"[('Eggs', 9), ('Coffee', 4), ('Cereal', 9)]",417.0,-37.8073918,144.9628592,0,7.362,12.3699614
ORDB10281,2018-09-02,16:06:45,Dinner,TP,"[('Pasta', 8), ('Salmon', 6), ('Shrimp', 8), ('Fish&Chips', 9)]",1213.0,-37.81342,144.9657097,0,8.222,13.9275914
ORDY04711,2018-07-13,14:25:21,Lunch,TP,"[('Chicken', 8), ('Fries', 9), ('Burger', 1), ('Steak', 9), ('Salad', 6)]",903.2,-37.8165173,145.0056336,0,11.288,14.0339293
ORDA09279,2018-11-11,18:28:43,Dinner,BK,"[('Salmon', 9), ('Shrimp', 5)]",639.0,-37.8171932,144.9588418,0,8.285,17.3608895
ORDC00285,2018-03-11,10:11:49,Breakfast,NS,"[('Pancake', 5), ('Cereal', 9), ('Eggs', 1)]",332.25,-37.8019156,144.9635917,0,6.864,13.9323644
ORDZ02309,2018-02-11,09:21:07,Breakfast,NS,"[('Coffee', 7), ('Eggs', 10)]",272.5,-37.8160767,144.9722254,0,7.906,14.9446676
ORDA05581,2018-06-13,13:24:30,Lunch,BK,"[('Salad', 7), ('Burger', 4), ('Chicken', 3), ('Fries', 6), ('Steak', 9)]",817.4,-37.8119061,144.95154,0,8.561,14.3639384
ORDX06890,2018-10-01,16:57:27,Dinner,BK,"[('Fish&Chips', 2), ('Shrimp', 8), ('Pasta', 4)]",612.0,-37.7989183,144.9441439,0,9.499,16.3436006
ORDZ02368,2018-10-25,17:48:10,Dinner,NS,"[('Pasta', 5), ('Fish&Chips', 9), ('Salmon', 3), ('Shrimp', 9)]",1061.5,-37.8204902,144.9661112,0,8.885,15.0144124
ORDC04893,2018-05-27,12:43:56,Lunch,NS,"[('Chicken', 2), ('Fries', 7), ('Steak', 3), ('Salad', 3)]",334.6,-37.8054697,144.9521305,0,8.244,15.5416077
ORDJ03274,2018-04-09,11:12:40,Breakfast,TP,"[('Cereal', 2), ('Eggs', 5), ('Coffee', 8), ('Pancake', 9)]",430.25,-37.7996716,144.9370344,0,11.134,13.4421278
ORDY08582,2018-05-22,12:33:48,Lunch,TP,"[('Steak', 6), ('Chicken', 6), ('Burger', 9), ('Fries', 4), ('Salad', 7)]",909.4,-37.8140231,144.9545477,0,8.667,11.9471813
ORDI00261,2018-06-14,13:24:30,Lunch,NS,"[('Steak', 8), ('Chicken', 8), ('Salad', 9), ('Fries', 4), ('Burger', 9)]",1097.8,-37.8132603,144.9655025,0,7.817,13.1418575
ORDJ02735,2018-12-12,19:29:34,Dinner,TP,"[('Pasta', 8), ('Shrimp', 7), ('Salmon', 10), ('Fish&Chips', 5)]",1183.0,-37.8129669,144.9655656,0,9.045,12.8560903
ORDK07536,2018-10-09,17:17:44,Dinner,BK,"[('Salmon', 5), ('Fish&Chips', 10), ('Shrimp', 10)]",1095.0,-37.8119211,144.9522565,0,8.558,15.1069426
ORDA04076,2018-03-22,10:32:06,Breakfast,BK,"[('Eggs', 2), ('Pancake', 10)]",286.5,-37.800217,144.9548526,0,8.506,13.4636551
ORDB10506,2018-12-19,19:39:43,Dinner,TP,"[('Shrimp', 1), ('Pasta', 2), ('Salmon', 10), ('Fish&Chips', 4)]",659.0,-37.8239891,144.9846665,0,8.842,12.6194152
ORDI04492,2018-03-29,10:52:23,Breakfast,NS,"[('Cereal', 9), ('Coffee', 1)]",196.5,-37.8019486,144.9574317,0,7.494,11.8992165
ORDY07456,2018-06-01,12:54:05,Lunch,TP,"[('Steak', 10), ('Fries', 8)]",546.0,-37.7992121,145.0052504,0,12.512,15.4753204
ORDA04170,2018-10-20,17:38:01,Dinner,BK,"[('Pasta', 9), ('Fish&Chips', 4)]",387.5,-37.8202417,144.9687,0,7.704,16.8602076
ORDK08201,2018-11-16,18:38:52,Dinner,BK,"[('Fish&Chips', 1), ('Shrimp', 6)]",359.0,-37.8189555,144.9618262,0,8.113,15.1495116
ORDX03546,2018-03-16,10:21:58,Breakfast,BK,"[('Coffee', 8), ('Eggs', 2), ('Pancake', 3), ('Cereal', 5)]",281.75,-37.7983664,145.0014642,0,5.224,10.1151448
ORDY09506,2018-03-18,10:32:06,Breakfast,TP,"[('Pancake', 7), ('Eggs', 10), ('Coffee', 3), ('Cereal', 2)]",454.25,-37.812895,144.9739274,0,8.669,12.3140542
ORDZ08640,2018-08-28,15:56:37,Lunch,NS,"[('Steak', 1), ('Burger', 7), ('Chicken', 7), ('Salad', 2)]",520.4,-37.8102862,144.9613285,0,7.644,13.4531286
ORDC08167,2018-04-10,11:12:40,Breakfast,NS,"[('Coffee', 2), ('Pancake', 2)]",63.5,-37.8231549,144.9824744,0,9.225,13.8046145
ORDZ00239,2018-12-06,19:09:17,Dinner,NS,"[('Fish&Chips', 5), ('Salmon', 10), ('Shrimp', 3)]",747.0,-37.8156092,144.9665347,0,8.101,13.7708523
ORDX02002,2018-10-05,17:07:36,Dinner,BK,"[('Shrimp', 4), ('Pasta', 4)]",326.0,-37.8195848,144.9842554,0,6.368,13.415771
ORDC01418,2018-12-20,19:39:43,Dinner,NS,"[('Fish&Chips', 10), ('Shrimp', 8), ('Pasta', 9), ('Salmon', 2)]",1111.5,-37.8132275,144.9334583,0,8.955,15.0549288
ORDJ00729,2018-08-22,15:36:20,Lunch,TP,"[('Fries', 6), ('Steak', 10)]",522.0,-37.8085204,144.9607287,0,8.773,12.2259199
ORDC00212,2018-04-23,11:43:05,Breakfast,NS,"[('Cereal', 7), ('Pancake', 9), ('Coffee', 1)]",372.75,-37.8192205,144.9529847,0,9.279,14.638367
ORDY03843,2018-12-25,19:49:51,Dinner,TP,"[('Salmon', 9), ('Fish&Chips', 8), ('Pasta', 5), ('Shrimp', 6)]",1110.5,-37.8159483,145.0094537,0,11.717,15.2986254
ORDI00353,2018-06-18,13:34:38,Lunch,NS,"[('Steak', 10), ('Burger', 2), ('Fries', 5), ('Chicken', 7), ('Salad', 4)]",864.8,-37.8230405,145.0071465,0,11.137,16.7272861
ORDA05029,2018-06-25,13:44:47,Lunch,BK,"[('Steak', 2), ('Chicken', 1), ('Salad', 4), ('Burger', 10)]",500.8,-37.8243631,144.9830635,0,7.026,12.864872
ORDI08461,2018-02-24,09:41:24,Breakfast,NS,"[('Cereal', 5), ('Coffee', 3), ('Eggs', 4)]",215.5,-37.823097,144.973591,0,9.293,16.0363955
ORDY03282,2018-10-24,17:48:10,Dinner,TP,"[('Pasta', 9), ('Shrimp', 8), ('Fish&Chips', 6)]",889.5,-37.8201809,144.9669521,0,7.467,11.1989947
ORDX09068,2018-12-27,20:00:00,Dinner,BK,"[('Fish&Chips', 3), ('Salmon', 5)]",310.0,-37.8198072,144.9436479,0,9.666,16.7867621
ORDK10787,2018-01-03,08:00:00,Breakfast,BK,"[('Coffee', 9), ('Cereal', 1), ('Pancake', 6), ('Eggs', 7)]",388.0,-37.8021938,145.0156769,1,5.734,7.60745175
ORDC00263,2018-08-21,15:36:20,Lunch,NS,"[('Fries', 7), ('Chicken', 2), ('Burger', 1), ('Steak', 3), ('Salad', 7)]",434.4,-37.8151635,144.9653459,0,8.099,13.1905608
ORDY04208,2018-06-04,13:04:13,Lunch,TP,"[('Salad', 7), ('Steak', 3), ('Burger', 10)]",565.4,-37.8007583,144.9344167,0,13.807,16.6551411
ORDZ06506,2018-11-12,18:28:43,Dinner,NS,"[('Shrimp', 5), ('Fish&Chips', 2)]",340.0,-37.8186777,144.959515,0,8.85,15.0262685
ORDA07056,2018-09-07,16:16:54,Dinner,BK,"[('Pasta', 10), ('Fish&Chips', 9), ('Shrimp', 6)]",914.0,-37.8214608,144.9779713,0,7.119,14.4999409
ORDJ01357,2018-10-16,17:27:53,Dinner,TP,"[('Fish&Chips', 2), ('Shrimp', 10), ('Pasta', 3)]",692.5,-37.8186194,144.9920489,0,9.945,14.2215897
ORDK02889,2018-06-25,13:44:47,Lunch,BK,"[('Fries', 9), ('Salad', 9), ('Burger', 8), ('Steak', 9), ('Chicken', 3)]",1011.8,-37.8242064,144.9840935,0,6.91,13.3268415
ORDB04926,2018-03-30,10:52:23,Breakfast,TP,"[('Coffee', 3), ('Eggs', 8), ('Cereal', 8)]",366.5,-37.8103024,144.9612727,0,8.497,11.3626554
ORDX02876,2018-11-03,18:08:27,Dinner,BK,"[('Shrimp', 8), ('Fish&Chips', 1), ('Pasta', 9)]",714.5,-37.8024937,145.0144011,0,4.594,13.5600378
ORDZ00790,2018-10-17,17:38:01,Dinner,NS,"[('Salmon', 3), ('Pasta', 6)]",288.0,-37.802407,144.9507715,0,8.091,14.114256
ORDA04177,2018-12-05,19:09:17,Dinner,BK,"[('Shrimp', 10), ('Salmon', 7)]",827.0,-37.8194415,144.9541739,0,8.737,15.7675133
ORDY09903,2018-10-10,17:17:44,Dinner,TP,"[('Fish&Chips', 10), ('Salmon', 8), ('Pasta', 3), ('Shrimp', 1)]",814.5,-37.8125142,144.9525304,0,9.07,13.8834671
ORDA07990,2018-12-20,19:39:43,Dinner,BK,"[('Fish&Chips', 5), ('Pasta', 7)]",367.5,-37.8172239,144.9340654,0,10.384,17.2531707
ORDZ00592,2018-02-06,09:10:59,Breakfast,NS,"[('Eggs', 6), ('Pancake', 4)]",229.0,-37.8001274,144.98119,0,7.166,12.215509
ORDA03994,2018-10-22,17:48:10,Dinner,BK,"[('Fish&Chips', 3), ('Salmon', 3), ('Pasta', 1), ('Shrimp', 1)]",309.5,-37.82001,144.9613692,0,8.07,15.124723
ORDC04290,2018-04-07,11:12:40,Breakfast,NS,"[('Eggs', 1), ('Pancake', 9), ('Coffee', 2), ('Cereal', 9)]",444.25,-37.8177828,144.9663077,0,8.417,15.8391914
ORDI10704,2018-04-18,11:32:57,Breakfast,NS,"[('Pancake', 6), ('Coffee', 9)]",213.0,-37.803335,144.9899256,0,8.093,13.3313158
ORDJ06381,2018-11-21,18:49:00,Dinner,TP,"[('Pasta', 2), ('Salmon', 4), ('Shrimp', 1)]",273.0,-37.8023534,144.9305568,0,11.522,15.6391094
ORDX08667,2018-05-06,12:03:22,Lunch,BK,"[('Steak', 1), ('Burger', 6), ('Salad', 2), ('Fries', 7)]",349.4,-37.8100071,144.9333813,0,10.586,18.9818767
ORDY03270,2018-05-18,12:33:48,Lunch,TP,"[('Fries', 2), ('Chicken', 5), ('Burger', 7), ('Steak', 2), ('Salad', 10)]",663.0,-37.8151145,144.9449798,0,9.567,12.8358271
ORDX00894,2018-02-20,09:31:16,Breakfast,BK,"[('Cereal', 3), ('Coffee', 4), ('Pancake', 10)]",335.5,-37.7989062,144.9726129,0,7.567,11.8130588
ORDK10087,2018-10-21,17:38:01,Dinner,BK,"[('Pasta', 4), ('Salmon', 7)]",397.0,-37.8173502,144.9547619,0,8.63,17.7068642
ORDI01911,2018-06-11,13:14:21,Lunch,NS,"[('Fries', 8), ('Steak', 4)]",276.0,-37.7993318,144.960555,0,7.216,12.8234485
ORDZ01741,2018-07-25,14:45:38,Lunch,NS,"[('Steak', 5), ('Salad', 6), ('Chicken', 8)]",584.2,-37.7997929,144.9636693,0,6.781,11.9464687
ORDC00695,2018-09-03,16:06:45,Dinner,NS,"[('Fish&Chips', 6), ('Shrimp', 2)]",318.0,-37.8148287,144.9356469,0,10.172,16.0931204
ORDJ04731,2018-10-16,17:27:53,Dinner,TP,"[('Salmon', 4), ('Shrimp', 6)]",488.0,-37.8204958,144.9916339,0,9.781,14.2117421
ORDA01779,2018-10-10,17:17:44,Dinner,BK,"[('Pasta', 2), ('Salmon', 4), ('Shrimp', 5), ('Fish&Chips', 10)]",839.0,-37.8126705,144.9520012,0,8.621,15.6083868
ORDB10939,2018-07-14,14:25:21,Lunch,TP,"[('Burger', 7), ('Chicken', 2), ('Fries', 1)]",293.0,-37.8160947,145.0013127,0,10.902,15.3968747
ORDK04373,2018-06-16,13:24:30,Lunch,BK,"[('Salad', 3), ('Fries', 7), ('Burger', 1)]",166.6,-37.8054952,144.9978162,0,4.774,13.4097419
ORDK01326,2018-12-01,18:59:09,Dinner,BK,"[('Fish&Chips', 5), ('Salmon', 5), ('Pasta', 6)]",545.0,-37.7994685,145.0048879,0,4.939,13.8243795
ORDX09660,2018-10-18,17:38:01,Dinner,BK,"[('Shrimp', 10), ('Fish&Chips', 10)]",890.0,-37.8015701,144.9518362,0,8.693,15.2687005
ORDK10613,2018-07-06,14:05:04,Lunch,BK,"[('Steak', 4), ('Salad', 3), ('Burger', 4), ('Fries', 2)]",379.6,-37.7992351,144.9718408,0,7.571,13.2859502
ORDA06555,2018-06-02,13:04:13,Lunch,BK,"[('Steak', 5), ('Burger', 10)]",535.0,-37.8163676,144.9709231,0,7.084,15.2379977
ORDX08340,2018-06-12,13:24:30,Lunch,BK,"[('Salad', 9), ('Steak', 6), ('Chicken', 3), ('Burger', 9)]",799.8,-37.8164233,144.9447928,0,9.591,15.1033107
ORDI07849,2018-10-25,17:48:10,Dinner,NS,"[('Fish&Chips', 2), ('Pasta', 3), ('Salmon', 10), ('Shrimp', 1)]",616.5,-37.8190847,144.963387,0,8.761,14.8430396
ORDZ04957,2018-07-09,14:15:12,Lunch,NS,"[('Burger', 2), ('Chicken', 5)]",222.0,-37.8138878,144.940334,0,9.584,15.3228056
ORDY06839,2018-08-10,15:16:03,Lunch,TP,"[('Fries', 7), ('Salad', 4), ('Chicken', 4), ('Burger', 7)]",497.8,-37.8049524,144.9724038,0,9.713,13.1423095
ORDY09443,2018-03-15,10:21:58,Breakfast,TP,"[('Pancake', 3), ('Eggs', 6)]",204.75,-37.8203826,144.9820358,0,9.126,11.5408489
ORDB11075,2018-03-06,10:01:41,Breakfast,TP,"[('Coffee', 10), ('Pancake', 3), ('Eggs', 3), ('Cereal', 9)]",402.75,-37.8161879,144.982733,0,9.131,10.9301216
ORDY00711,2018-07-27,14:45:38,Lunch,TP,"[('Salad', 2), ('Burger', 6)]",220.4,-37.7998144,144.9809354,0,10.459,14.0706389
ORDX03530,2018-09-17,16:37:10,Dinner,BK,"[('Shrimp', 6), ('Fish&Chips', 8), ('Salmon', 8), ('Pasta', 4)]",1042.0,-37.8194122,145.0081377,0,4.18,11.0993903
ORDB01758,2018-11-12,18:28:43,Dinner,TP,"[('Shrimp', 9), ('Fish&Chips', 8), ('Pasta', 4)]",876.0,-37.8176396,144.9592331,0,7.935,12.9901905
ORDB08568,2018-05-02,11:53:14,Breakfast,TP,"[('Cereal', 7), ('Coffee', 8), ('Eggs', 8), ('Pancake', 3)]",455.75,-37.8047586,144.9263996,0,11.545,13.7946348
ORDY07331,2018-01-22,08:40:33,Breakfast,TP,"[('Pancake', 4), ('Cereal', 5)]",202.0,-37.8067779,144.9734819,0,9.376,12.188751
ORDA10834,2018-07-10,14:15:12,Lunch,BK,"[('Fries', 6), ('Steak', 6), ('Salad', 2)]",376.4,-37.8219224,144.9685203,0,7.917,14.3103429
ORDC06930,2018-03-05,10:01:41,Breakfast,NS,"[('Eggs', 2), ('Coffee', 10), ('Cereal', 5), ('Pancake', 10)]",466.5,-37.8053582,144.9734661,0,6.791,11.316032
ORDZ06435,2018-11-12,18:28:43,Dinner,NS,"[('Pasta', 1), ('Salmon', 8), ('Shrimp', 5)]",625.5,-37.8151942,144.9397467,0,9.808,15.4576878
ORDX03587,2018-09-25,16:47:19,Dinner,BK,"[('Shrimp', 2), ('Fish&Chips', 9), ('Salmon', 4), ('Pasta', 8)]",807.0,-37.8034831,144.9496043,0,8.764,16.0593877
ORDJ01261,2018-02-26,09:51:32,Breakfast,TP,"[('Coffee', 5), ('Cereal', 2)]",79.5,-37.8054565,145.0003472,0,11.51,13.7580795
ORDI01869,2018-02-07,09:10:59,Breakfast,NS,"[('Cereal', 10), ('Eggs', 6)]",342.0,-37.8082903,144.9785409,0,7.538,12.626353
ORDI05646,2018-10-13,17:27:53,Dinner,NS,"[('Shrimp', 6), ('Pasta', 10)]",599.0,-37.8203966,144.9576584,0,9.189,16.7077804
ORDJ08478,2018-12-25,19:49:51,Dinner,TP,"[('Salmon', 10), ('Pasta', 10), ('Shrimp', 7)]",1063.0,-37.8221518,144.9692492,0,7.845,12.2855633
ORDB10919,2018-05-13,12:23:39,Lunch,TP,"[('Salad', 7), ('Fries', 10), ('Burger', 8)]",488.4,-37.810688,144.9855034,0,9.623,14.1987146
ORDA01497,2018-08-22,15:46:28,Lunch,BK,"[('Steak', 6), ('Salad', 8), ('Burger', 1), ('Chicken', 8)]",694.6,-37.8186356,145.000497,0,4.831,10.1406293
ORDC08535,2018-10-11,17:17:44,Dinner,NS,"[('Fish&Chips', 3), ('Pasta', 1), ('Salmon', 5)]",337.5,-37.812211,144.9531266,0,8.474,14.5589789
ORDX02361,2018-09-18,16:37:10,Dinner,BK,"[('Fish&Chips', 3), ('Salmon', 8), ('Shrimp', 5)]",703.0,-37.8066927,144.9579231,0,8.224,15.3733067
ORDC06980,2018-04-11,11:12:40,Breakfast,NS,"[('Eggs', 9), ('Coffee', 9), ('Pancake', 7), ('Cereal', 9)]",624.25,-37.8046338,144.9724212,0,6.874,12.1877338
